User ID,Zip,Membership Type,Bike,Checkout Date,Checkout Time,Checkout Kiosk,Checkout Dock,Bike Checkout Method,Return Date,Return Time,Return Kiosk,Return Dock,Distance (Miles),Estimated Carbon Offset (lbs),Estimated Calories Burned,Duration (Minutes),Bike Model,Charge,Adjusted Duration (Minutes),Adjusted Charge
198677,,24 Hour Kiosk,858 CRACKED FRAME,2/28/13,3:58 PM,Tellepsen YMCA,9,,2/28/13,6:32 PM,Ensemble/HCC Station,6,18.00,17.10,720,154,BCycle 1.0,$8.00 ,,
123675,77010,Annual Membership,979 CRACKED FRAME,2/28/13,3:34 PM,Lamar & Crawford,1,,2/28/13,3:45 PM,Lamar & Crawford,1,1.60,1.52,64,11,BCycle 1.0,$0.00 ,,
198669,,24 Hour Kiosk,269 CRACKED FRAME,2/28/13,3:13 PM,Market Square,1,,2/28/13,6:32 PM,Ensemble/HCC Station,10,18.00,17.10,720,199,BCycle 1.0,,59,$0.00 
195217,77002,Annual Membership,994 CRACKED FRAME,2/28/13,2:45 PM,Ensemble/HCC Station,3,,2/28/13,3:07 PM,Market Square,4,2.50,2.38,100,22,BCycle 1.0,$0.00 ,,
198548,,24 Hour Kiosk,108 CRACKED FRAME,2/28/13,12:46 PM,Market Square,8,,2/28/13,7:42 PM,Market Square,1,18.00,17.10,720,416,BCycle 1.0,,200,$10.00 
198548,,24 Hour Kiosk,219 CRACKED FRAME,2/28/13,12:46 PM,Market Square,4,,2/28/13,7:41 PM,Market Square,8,4.30,4.09,172,415,BCycle 1.0,,200,$10.00 
123335,77042,Annual Membership,810 HARVEY,2/28/13,9:41 AM,City Hall,1,,2/28/13,2:56 PM,City Hall,1,18.00,17.10,720,315,BCycle 1.0,,59,$0.00 
123176,78757,Annual Membership,024 G,2/27/13,9:38 PM,Market Square,2,,2/27/13,9:46 PM,Market Square,2,1.20,1.14,48,8,BCycle 1.0,$0.00 ,,
123335,77042,Annual Membership,810 HARVEY,2/27/13,8:55 PM,Market Square,10,,2/27/13,8:59 PM,City Hall,1,0.60,0.57,24,4,BCycle 1.0,$0.00 ,,
123335,77042,Annual Membership,810 HARVEY,2/27/13,6:56 PM,City Hall,1,,2/27/13,7:02 PM,Market Square,10,0.90,0.86,36,6,BCycle 1.0,$0.00 ,,
198600,,24 Hour Kiosk,108 CRACKED FRAME,2/27/13,5:12 PM,Tellepsen YMCA,5,,2/27/13,5:26 PM,Market Square,8,1.40,1.33,56,14,BCycle 1.0,$0.00 ,,
198579,,24 Hour Kiosk,263 R2 CRACKED FRAME,2/27/13,4:11 PM,Ensemble/HCC Station,2,,2/27/13,5:34 PM,Ensemble/HCC Station,2,5.60,5.32,224,83,BCycle 1.0,$2.00 ,,
198579,,24 Hour Kiosk,885,2/27/13,4:10 PM,Ensemble/HCC Station,1,,2/27/13,5:34 PM,Ensemble/HCC Station,1,5.80,5.51,232,84,BCycle 1.0,$2.00 ,,
198489,77479,Annual Membership,188 CRACKED FRAME,2/27/13,4:06 PM,Tellepsen YMCA,5,,2/27/13,4:11 PM,City Hall,4,0.80,0.76,32,5,BCycle 1.0,$0.00 ,,
198489,77479,Annual Membership,188 CRACKED FRAME,2/27/13,2:44 PM,City Hall,5,,2/27/13,2:50 PM,Tellepsen YMCA,5,0.90,0.86,36,6,BCycle 1.0,$0.00 ,,
198568,,24 Hour Kiosk,201,2/27/13,1:51 PM,City Hall,4,,2/27/13,2:08 PM,City Hall,2,2.60,2.47,104,17,BCycle 1.0,$0.00 ,,
198568,,24 Hour Kiosk,810 HARVEY,2/27/13,1:51 PM,City Hall,1,,2/27/13,2:09 PM,City Hall,1,2.70,2.57,108,18,BCycle 1.0,$0.00 ,,
198568,,24 Hour Kiosk,300 CRACKED FRAME,2/27/13,1:50 PM,City Hall,3,,2/27/13,2:09 PM,City Hall,3,2.80,2.66,112,19,BCycle 1.0,$0.00 ,,
123675,77010,Annual Membership,979 CRACKED FRAME,2/27/13,1:48 PM,Lamar & Crawford,1,,2/27/13,3:05 PM,Lamar & Crawford,1,3.30,3.14,132,77,BCycle 1.0,$2.00 ,,
198548,,24 Hour Kiosk,108 CRACKED FRAME,2/27/13,12:14 PM,Tellepsen YMCA,2,,2/27/13,4:28 PM,Tellepsen YMCA,5,12.90,12.26,516,254,BCycle 1.0,$14.00 ,,
198548,,24 Hour Kiosk,982 CRACKED FRAME,2/27/13,12:13 PM,Tellepsen YMCA,5,,2/27/13,4:28 PM,Tellepsen YMCA,2,10.20,9.69,408,255,BCycle 1.0,$14.00 ,,
198548,,24 Hour Kiosk,108 CRACKED FRAME,2/27/13,10:25 AM,Tellepsen YMCA,2,,2/27/13,11:36 AM,Tellepsen YMCA,2,6.60,6.27,264,71,BCycle 1.0,$2.00 ,,
198548,,24 Hour Kiosk,982 CRACKED FRAME,2/27/13,10:24 AM,Tellepsen YMCA,5,,2/27/13,11:34 AM,Tellepsen YMCA,5,6.40,6.08,256,70,BCycle 1.0,$2.00 ,,
189625,77003,Annual Membership,201,2/27/13,10:18 AM,City Hall,2,,2/27/13,11:20 AM,City Hall,4,9.30,8.84,372,62,BCycle 1.0,,59,$0.00 
123335,77042,Annual Membership,810 HARVEY,2/27/13,10:17 AM,City Hall,1,,2/27/13,11:21 AM,City Hall,1,9.60,9.12,384,64,BCycle 1.0,,59,$0.00 
198521,,24 Hour Kiosk,219 CRACKED FRAME,2/26/13,4:53 PM,Ensemble/HCC Station,14,,2/26/13,6:03 PM,Market Square,4,3.90,3.71,156,70,BCycle 1.0,$2.00 ,,
195217,77002,Annual Membership,821,2/26/13,9:50 AM,Ensemble/HCC Station,4,,2/26/13,10:13 AM,Market Square,3,3.40,3.23,136,23,BCycle 1.0,$0.00 ,,
198424,,24 Hour Kiosk,979 CRACKED FRAME,2/25/13,3:36 PM,Lamar & Crawford,1,,2/25/13,4:46 PM,Lamar & Crawford,1,8.30,7.89,332,70,BCycle 1.0,$2.00 ,,
198424,,24 Hour Kiosk,195 CRACKED FRAME,2/25/13,3:36 PM,Lamar & Crawford,2,,2/25/13,4:46 PM,Lamar & Crawford,2,10.50,9.98,420,70,BCycle 1.0,$2.00 ,,
198424,,24 Hour Kiosk,168 CRACKED FRAME,2/25/13,3:35 PM,Lamar & Crawford,6,,2/25/13,4:46 PM,Lamar & Crawford,6,7.00,6.65,280,71,BCycle 1.0,$2.00 ,,
198419,,24 Hour Kiosk,188 CRACKED FRAME,2/25/13,2:30 PM,City Hall,5,,2/25/13,4:21 PM,City Hall,5,7.00,6.65,280,111,BCycle 1.0,$4.00 ,,
198418,,24 Hour Kiosk,300 CRACKED FRAME,2/25/13,2:29 PM,City Hall,3,,2/25/13,4:21 PM,City Hall,3,16.80,15.96,672,112,BCycle 1.0,$4.00 ,,
198417,,24 Hour Kiosk,810 HARVEY,2/25/13,2:29 PM,City Hall,7,,2/25/13,4:21 PM,City Hall,1,16.80,15.96,672,112,BCycle 1.0,$4.00 ,,
198416,,24 Hour Kiosk,201,2/25/13,2:27 PM,City Hall,1,,2/25/13,4:21 PM,City Hall,2,2.90,2.76,116,114,BCycle 1.0,$4.00 ,,
198384,,24 Hour Kiosk,979 CRACKED FRAME,2/25/13,11:41 AM,Lamar & Crawford,1,,2/25/13,1:16 PM,Lamar & Crawford,1,8.00,7.60,320,95,BCycle 1.0,$4.00 ,,
128313,77002,Annual Membership,300 CRACKED FRAME,2/25/13,8:23 AM,Market Square,4,,2/25/13,8:28 AM,City Hall,3,0.80,0.76,32,5,BCycle 1.0,$0.00 ,,
197596,,24 Hour Kiosk,108 CRACKED FRAME,2/24/13,6:14 PM,Tellepsen YMCA,2,,2/24/13,7:02 PM,Tellepsen YMCA,2,7.20,6.84,288,48,BCycle 1.0,$0.00 ,,
128313,77002,Annual Membership,165 CRACKED FRAME SHOP BIKE,2/24/13,6:02 PM,City Hall,3,,2/24/13,6:07 PM,Market Square,9,0.80,0.76,32,5,BCycle 1.0,$0.00 ,,
198271,,24 Hour Kiosk,839 CRACKED FRAME,2/24/13,4:46 PM,Market Square,5,,2/24/13,5:48 PM,Market Square,5,0.10,0.10,4,62,BCycle 1.0,$2.00 ,,
198271,,24 Hour Kiosk,269 CRACKED FRAME,2/24/13,4:46 PM,Market Square,3,,2/24/13,5:48 PM,Market Square,1,9.30,8.84,372,62,BCycle 1.0,$2.00 ,,
198029,,24 Hour Kiosk,196 G CRACKED FRAME,2/24/13,2:30 PM,Market Square,9,,2/24/13,6:39 PM,Market Square,6,18.00,17.10,720,249,BCycle 1.0,$14.00 ,,
198029,,24 Hour Kiosk,025 G,2/24/13,2:29 PM,Market Square,10,,2/24/13,6:39 PM,Market Square,7,18.00,17.10,720,250,BCycle 1.0,$14.00 ,,
197845,,24 Hour Kiosk,269 CRACKED FRAME,2/24/13,12:57 PM,Market Square,3,,2/24/13,1:42 PM,Market Square,3,6.80,6.46,272,45,BCycle 1.0,$0.00 ,,
123402,77003,Annual Membership,300 CRACKED FRAME,2/24/13,12:56 PM,Market Square,4,,2/24/13,1:42 PM,Market Square,4,6.90,6.56,276,46,BCycle 1.0,$0.00 ,,
197596,,24 Hour Kiosk,982 CRACKED FRAME,2/24/13,12:47 PM,Tellepsen YMCA,5,,2/24/13,2:16 PM,Tellepsen YMCA,5,7.20,6.84,288,89,BCycle 1.0,$2.00 ,,
197596,,24 Hour Kiosk,108 CRACKED FRAME,2/24/13,12:46 PM,Tellepsen YMCA,2,,2/24/13,2:16 PM,Tellepsen YMCA,2,7.40,7.03,296,90,BCycle 1.0,$2.00 ,,
128313,77002,Annual Membership,201,2/24/13,12:35 PM,Market Square,6,,2/24/13,12:40 PM,City Hall,1,0.80,0.76,32,5,BCycle 1.0,$0.00 ,,
197790,,24 Hour Kiosk,024 G,2/24/13,12:09 PM,Market Square,2,,2/24/13,2:03 PM,Market Square,2,17.10,16.25,684,114,BCycle 1.0,$4.00 ,,
186688,,24 Hour Kiosk,300 CRACKED FRAME,2/23/13,5:59 PM,Market Square,4,,2/23/13,8:15 PM,Market Square,4,5.10,4.85,204,136,BCycle 1.0,,59,$0.00 
197618,,24 Hour Kiosk,279 CRACKED FRAME,2/23/13,2:43 PM,Tellepsen YMCA,5,,2/23/13,3:47 PM,Tellepsen YMCA,4,8.80,8.36,352,64,BCycle 1.0,$2.00 ,,
197618,,24 Hour Kiosk,982 CRACKED FRAME,2/23/13,2:42 PM,Tellepsen YMCA,4,,2/23/13,3:47 PM,Tellepsen YMCA,5,8.10,7.70,324,65,BCycle 1.0,$2.00 ,,
197596,,24 Hour Kiosk,108 CRACKED FRAME,2/23/13,2:20 PM,Tellepsen YMCA,2,,2/23/13,3:15 PM,Tellepsen YMCA,2,6.70,6.37,268,55,BCycle 1.0,$0.00 ,,
197593,,24 Hour Kiosk,234 CRACKED FRAME,2/23/13,2:11 PM,Ensemble/HCC Station,7,,2/23/13,4:19 PM,Ensemble/HCC Station,8,18.90,17.96,756,128,BCycle 1.0,$6.00 ,,
123402,77003,Annual Membership,939 CRACKED FRAME,2/23/13,1:59 PM,Ensemble/HCC Station,6,,2/24/13,6:00 AM,Ensemble/HCC Station,12,18.00,17.10,720,961,BCycle 1.0,,59,$0.00 
123402,77003,Annual Membership,821,2/23/13,12:22 PM,Ensemble/HCC Station,4,,2/23/13,12:27 PM,Ensemble/HCC Station,4,0.80,0.76,32,5,BCycle 1.0,$0.00 ,,
197509,,24 Hour Kiosk,885,2/23/13,11:43 AM,Ensemble/HCC Station,1,,2/23/13,2:06 PM,Ensemble/HCC Station,1,10.20,9.69,408,143,BCycle 1.0,$6.00 ,,
123402,77003,Annual Membership,885,2/23/13,11:32 AM,Ensemble/HCC Station,1,,2/23/13,11:35 AM,Ensemble/HCC Station,1,0.40,0.38,16,3,BCycle 1.0,$0.00 ,,
123402,77003,Annual Membership,821,2/23/13,11:30 AM,Ensemble/HCC Station,4,,2/23/13,11:32 AM,Ensemble/HCC Station,4,0.30,0.29,12,2,BCycle 1.0,$0.00 ,,
123402,77003,Annual Membership,263 R2 CRACKED FRAME,2/23/13,11:27 AM,Ensemble/HCC Station,11,,2/23/13,11:29 AM,Ensemble/HCC Station,11,0.30,0.29,12,2,BCycle 1.0,$0.00 ,,
197471,,24 Hour Kiosk,979 CRACKED FRAME,2/23/13,9:26 AM,Lamar & Crawford,1,,2/23/13,11:15 AM,Lamar & Crawford,1,4.90,4.66,196,109,BCycle 1.0,$4.00 ,,
197447,77055,24 Hour Pass,201,2/22/13,7:27 PM,Market Square,6,,2/22/13,10:24 PM,Market Square,6,20.50,19.48,820,177,BCycle 1.0,$8.00 ,,
197451,,24 Hour Kiosk,025 G,2/22/13,7:18 PM,Market Square,1,,2/22/13,10:24 PM,Market Square,10,18.00,17.10,720,186,BCycle 1.0,$10.00 ,,
197450,,24 Hour Kiosk,024 G,2/22/13,7:11 PM,Market Square,4,,2/22/13,10:23 PM,Market Square,2,18.00,17.10,720,192,BCycle 1.0,$10.00 ,,
197449,,24 Hour Kiosk,300 CRACKED FRAME,2/22/13,7:10 PM,Market Square,8,,2/22/13,10:25 PM,Market Square,4,20.90,19.86,836,195,BCycle 1.0,$10.00 ,,
182006,,24 Hour Kiosk,196 G CRACKED FRAME,2/22/13,7:00 PM,Market Square,3,,2/22/13,10:39 PM,Market Square,9,18.00,17.10,720,219,BCycle 1.0,$12.00 ,,
197375,77004,24 Hour Pass,269 CRACKED FRAME,2/22/13,7:00 PM,Market Square,2,,2/22/13,10:25 PM,Market Square,3,19.50,18.53,780,205,BCycle 1.0,$10.00 ,,
197444,,24 Hour Kiosk,168 CRACKED FRAME,2/22/13,6:05 PM,Lamar & Crawford,6,,2/22/13,6:33 PM,Lamar & Crawford,6,4.20,3.99,168,28,BCycle 1.0,$0.00 ,,
197443,,24 Hour Kiosk,119,2/22/13,6:05 PM,Lamar & Crawford,8,,2/22/13,6:33 PM,Lamar & Crawford,8,4.20,3.99,168,28,BCycle 1.0,$0.00 ,,
128313,77002,Annual Membership,201,2/22/13,5:54 PM,City Hall,1,,2/22/13,6:02 PM,Market Square,6,1.20,1.14,48,8,BCycle 1.0,$0.00 ,,
197417,,24 Hour Kiosk,024 G,2/22/13,2:40 PM,Market Square,4,,2/22/13,3:01 PM,Market Square,4,3.20,3.04,128,21,BCycle 1.0,$0.00 ,,
197417,,24 Hour Kiosk,269 CRACKED FRAME,2/22/13,2:39 PM,Market Square,2,,2/22/13,3:01 PM,Market Square,2,3.20,3.04,128,22,BCycle 1.0,$0.00 ,,
197366,,24 Hour Kiosk,195 CRACKED FRAME,2/22/13,11:33 AM,Lamar & Crawford,2,,2/22/13,12:30 PM,Lamar & Crawford,2,8.60,8.17,344,57,BCycle 1.0,$0.00 ,,
197374,,24 Hour Kiosk,269 CRACKED FRAME,2/21/13,10:35 PM,Ensemble/HCC Station,2,,2/21/13,10:51 PM,Market Square,6,2.20,2.09,88,16,BCycle 1.0,$0.00 ,,
197366,,24 Hour Kiosk,195 CRACKED FRAME,2/21/13,5:25 PM,Lamar & Crawford,2,,2/21/13,6:31 PM,Lamar & Crawford,2,9.90,9.41,396,66,BCycle 1.0,$2.00 ,,
128313,77002,Annual Membership,444 G,2/20/13,8:32 AM,Market Square,2,,2/20/13,8:38 AM,City Hall,7,0.90,0.86,36,6,BCycle 1.0,$0.00 ,,
197194,,24 Hour Kiosk,024 G,2/19/13,3:21 PM,Market Square,9,,2/19/13,3:55 PM,Market Square,7,5.10,4.85,204,34,BCycle 1.0,$0.00 ,,
197194,,24 Hour Kiosk,402 G CRACKED FRAME,2/19/13,3:21 PM,Market Square,7,,2/19/13,3:55 PM,Market Square,9,5.10,4.85,204,34,BCycle 1.0,$0.00 ,,
128313,77002,Annual Membership,500 G CRACKED FRAME,2/19/13,8:19 AM,Market Square,5,,2/19/13,8:25 AM,City Hall,6,0.90,0.86,36,6,BCycle 1.0,$0.00 ,,
128313,77002,Annual Membership,533 CRACKED FRAME,2/18/13,8:39 AM,Market Square,6,,2/18/13,8:45 AM,City Hall,5,0.90,0.86,36,6,BCycle 1.0,$0.00 ,,
162662,77002,Annual Membership,277 G,2/17/13,4:18 PM,Market Square,4,,2/17/13,5:48 PM,City Hall,1,13.50,12.83,540,90,BCycle 1.0,$2.00 ,,
171588,,24 Hour Kiosk,440 G,2/17/13,3:55 PM,City Hall,9,,2/17/13,7:04 PM,City Hall,2,18.00,17.10,720,189,BCycle 1.0,$8.00 ,,
171588,,24 Hour Kiosk,022 G PRIDE RETIRED,2/17/13,3:54 PM,City Hall,2,,2/17/13,7:04 PM,City Hall,4,18.00,17.10,720,190,BCycle 1.0,$8.00 ,,
171588,,24 Hour Kiosk,245 CRACKED FRAME,2/17/13,3:54 PM,City Hall,1,,2/17/13,7:04 PM,City Hall,3,18.00,17.10,720,190,BCycle 1.0,$8.00 ,,
196296,,24 Hour Kiosk,277 G,2/17/13,3:46 PM,Lamar & Crawford,2,,2/17/13,3:59 PM,Market Square,4,2.00,1.90,80,13,BCycle 1.0,$0.00 ,,
196818,77019,Annual Membership,196 G CRACKED FRAME,2/17/13,3:30 PM,Market Square,3,,2/17/13,4:37 PM,Market Square,3,10.00,9.50,400,67,BCycle 1.0,$2.00 ,,
196818,77019,Annual Membership,196 G CRACKED FRAME,2/17/13,2:58 PM,Market Square,3,,2/17/13,3:10 PM,Market Square,3,1.80,1.71,72,12,BCycle 1.0,$0.00 ,,
196765,77021,24 Hour Pass,157 CRACKED FRAME,2/17/13,2:49 PM,Lamar & Crawford,9,,2/17/13,5:51 PM,Lamar & Crawford,6,18.00,17.10,720,182,BCycle 1.0,$8.00 ,,
196795,,24 Hour Kiosk,146 R CRACKED FRAME,2/17/13,2:46 PM,Lamar & Crawford,8,,2/17/13,5:51 PM,Lamar & Crawford,4,18.00,17.10,720,185,BCycle 1.0,$8.00 ,,
196795,,24 Hour Kiosk,222,2/17/13,2:45 PM,Lamar & Crawford,1,,2/17/13,2:48 PM,Lamar & Crawford,1,0.40,0.38,16,3,BCycle 1.0,$0.00 ,,
196648,,24 Hour Kiosk,022 G PRIDE RETIRED,2/17/13,1:31 PM,Lamar & Crawford,6,,2/17/13,2:52 PM,City Hall,2,12.20,11.59,488,81,BCycle 1.0,$0.00 ,,
196648,,24 Hour Kiosk,222,2/17/13,1:28 PM,Lamar & Crawford,3,,2/17/13,1:31 PM,Lamar & Crawford,1,0.40,0.38,16,3,BCycle 1.0,$0.00 ,,
196647,,24 Hour Kiosk,245 CRACKED FRAME,2/17/13,1:28 PM,Lamar & Crawford,1,,2/17/13,2:53 PM,City Hall,1,12.80,12.16,512,85,BCycle 1.0,$0.00 ,,
196514,,24 Hour Kiosk,160 G CRACKED FRAME,2/17/13,12:22 PM,Lamar & Crawford,7,,2/17/13,3:01 PM,Lamar & Crawford,3,18.00,17.10,720,159,BCycle 1.0,$6.00 ,,
196514,,24 Hour Kiosk,277 G,2/17/13,12:21 PM,Lamar & Crawford,4,,2/17/13,3:01 PM,Lamar & Crawford,2,18.00,17.10,720,160,BCycle 1.0,$6.00 ,,
144317,,24 Hour Kiosk,444 G,2/17/13,11:28 AM,Market Square,7,,2/17/13,12:43 PM,Market Square,2,11.20,10.64,448,75,BCycle 1.0,$0.00 ,,
144317,,24 Hour Kiosk,500 G CRACKED FRAME,2/17/13,11:27 AM,Market Square,3,,2/17/13,11:05 PM,Market Square,5,18.00,17.10,720,698,BCycle 1.0,,181,$8.00 
144317,,24 Hour Kiosk,533 CRACKED FRAME,2/17/13,11:26 AM,Market Square,1,,2/17/13,12:43 PM,Market Square,6,11.60,11.02,464,77,BCycle 1.0,$0.00 ,,
196480,,24 Hour Kiosk,196 G CRACKED FRAME,2/17/13,10:43 AM,Market Square,6,,2/17/13,12:42 PM,Market Square,3,17.80,16.91,712,119,BCycle 1.0,$2.00 ,,
196479,,24 Hour Kiosk,402 G CRACKED FRAME,2/17/13,10:42 AM,Market Square,4,,2/17/13,12:42 PM,Market Square,7,18.00,17.10,720,120,BCycle 1.0,$2.00 ,,
196450,,24 Hour Kiosk,160 G CRACKED FRAME,2/16/13,9:49 PM,Lamar & Crawford,8,,2/16/13,10:38 PM,Lamar & Crawford,7,7.40,7.03,296,49,BCycle 1.0,$0.00 ,,
196450,,24 Hour Kiosk,245 CRACKED FRAME,2/16/13,9:48 PM,Lamar & Crawford,7,,2/16/13,10:38 PM,Lamar & Crawford,1,7.50,7.13,300,50,BCycle 1.0,$0.00 ,,
196450,,24 Hour Kiosk,146 R CRACKED FRAME,2/16/13,9:48 PM,Lamar & Crawford,6,,2/16/13,10:38 PM,Lamar & Crawford,8,7.50,7.13,300,50,BCycle 1.0,$0.00 ,,
196450,,24 Hour Kiosk,022 G PRIDE RETIRED,2/16/13,9:48 PM,Lamar & Crawford,5,,2/16/13,10:38 PM,Lamar & Crawford,6,7.50,7.13,300,50,BCycle 1.0,$0.00 ,,
196451,,24 Hour Kiosk,277 G,2/16/13,9:47 PM,Lamar & Crawford,4,,2/16/13,10:38 PM,Lamar & Crawford,4,7.60,7.22,304,51,BCycle 1.0,$0.00 ,,
196450,,24 Hour Kiosk,222,2/16/13,9:46 PM,Lamar & Crawford,3,,2/16/13,9:47 PM,Lamar & Crawford,3,0.20,0.19,8,1,BCycle 1.0,$0.00 ,,
196410,,24 Hour Kiosk,402 G CRACKED FRAME,2/16/13,8:08 PM,Lamar & Crawford,1,,2/16/13,8:28 PM,Market Square,4,3.00,2.85,120,20,BCycle 1.0,$0.00 ,,
196410,,24 Hour Kiosk,025 G,2/16/13,8:07 PM,Lamar & Crawford,2,,2/16/13,11:05 PM,Market Square,5,18.00,17.10,720,178,BCycle 1.0,$6.00 ,,
196436,,24 Hour Kiosk,440 G,2/16/13,5:37 PM,City Hall,6,,2/16/13,8:30 PM,City Hall,9,18.00,17.10,720,173,BCycle 1.0,$6.00 ,,
196436,,24 Hour Kiosk,440 G,2/16/13,5:35 PM,City Hall,6,,2/16/13,5:36 PM,City Hall,6,0.20,0.19,8,1,BCycle 1.0,$0.00 ,,
196420,,24 Hour Kiosk,157 CRACKED FRAME,2/16/13,3:51 PM,Lamar & Crawford,5,,2/16/13,5:57 PM,Lamar & Crawford,9,18.00,17.10,720,126,BCycle 1.0,$4.00 ,,
196420,,24 Hour Kiosk,022 G PRIDE RETIRED,2/16/13,3:50 PM,Lamar & Crawford,4,,2/16/13,5:57 PM,Lamar & Crawford,5,18.00,17.10,720,127,BCycle 1.0,$4.00 ,,
196420,,24 Hour Kiosk,160 G CRACKED FRAME,2/16/13,3:50 PM,Lamar & Crawford,2,,2/16/13,5:57 PM,Lamar & Crawford,8,18.00,17.10,720,127,BCycle 1.0,$4.00 ,,
196420,,24 Hour Kiosk,277 G,2/16/13,3:49 PM,Lamar & Crawford,1,,2/16/13,5:57 PM,Lamar & Crawford,4,18.00,17.10,720,128,BCycle 1.0,$4.00 ,,
196410,,24 Hour Kiosk,402 G CRACKED FRAME,2/16/13,3:23 PM,City Hall,1,,2/16/13,4:09 PM,Lamar & Crawford,1,6.90,6.56,276,46,BCycle 1.0,$0.00 ,,
196410,,24 Hour Kiosk,025 G,2/16/13,3:22 PM,City Hall,7,,2/16/13,4:09 PM,Lamar & Crawford,2,7.00,6.65,280,47,BCycle 1.0,$0.00 ,,
196357,,24 Hour Kiosk,444 G,2/16/13,12:55 PM,Market Square,7,,2/16/13,3:25 PM,Market Square,7,18.00,17.10,720,150,BCycle 1.0,$4.00 ,,
196346,,24 Hour Kiosk,245 CRACKED FRAME,2/16/13,12:43 PM,Market Square,9,,2/16/13,1:51 PM,Lamar & Crawford,7,10.20,9.69,408,68,BCycle 1.0,$0.00 ,,
196346,,24 Hour Kiosk,022 G PRIDE RETIRED,2/16/13,12:42 PM,Market Square,1,,2/16/13,1:51 PM,Lamar & Crawford,4,10.40,9.88,416,69,BCycle 1.0,$0.00 ,,
196296,,24 Hour Kiosk,196 G CRACKED FRAME,2/16/13,12:40 PM,Lamar & Crawford,7,,2/16/13,8:57 PM,Market Square,6,18.00,17.10,720,497,BCycle 1.0,,85,$0.00 
196296,,24 Hour Kiosk,196 G CRACKED FRAME,2/16/13,9:59 AM,Market Square,5,,2/16/13,10:20 AM,Lamar & Crawford,7,3.20,3.04,128,21,BCycle 1.0,$0.00 ,,
195081,,24 Hour Kiosk,024 G,2/16/13,8:26 AM,Market Square,6,,2/16/13,6:51 PM,Market Square,9,18.00,17.10,720,625,BCycle 1.0,,85,$0.00 
195081,,24 Hour Kiosk,533 CRACKED FRAME,2/16/13,8:25 AM,Market Square,4,,2/16/13,6:43 PM,Market Square,1,18.00,17.10,720,618,BCycle 1.0,,85,$0.00 
195081,,24 Hour Kiosk,500 G CRACKED FRAME,2/16/13,8:25 AM,Market Square,2,,2/16/13,6:51 PM,Market Square,3,18.00,17.10,720,626,BCycle 1.0,,85,$0.00 
123335,77042,Annual Membership,444 G,2/15/13,6:04 PM,City Hall,3,,2/15/13,6:10 PM,Market Square,7,0.90,0.86,36,6,BCycle 1.0,$0.00 ,,
128313,77002,Annual Membership,314 G CRACKED FRAME,2/15/13,5:41 PM,City Hall,2,,2/15/13,5:47 PM,Market Square,8,0.90,0.86,36,6,BCycle 1.0,$0.00 ,,
123334,77088,Annual Membership,314 G CRACKED FRAME,2/15/13,1:44 PM,Market Square,3,,2/15/13,1:52 PM,City Hall,2,1.20,1.14,48,8,BCycle 1.0,$0.00 ,,
123335,77042,Annual Membership,444 G,2/15/13,1:43 PM,Market Square,7,,2/15/13,1:52 PM,City Hall,3,1.40,1.33,56,9,BCycle 1.0,$0.00 ,,
123334,77088,Annual Membership,314 G CRACKED FRAME,2/15/13,12:44 PM,City Hall,4,,2/15/13,12:51 PM,Market Square,3,1.00,0.95,40,7,BCycle 1.0,$0.00 ,,
123335,77042,Annual Membership,444 G,2/15/13,12:44 PM,City Hall,2,,2/15/13,12:51 PM,Market Square,7,1.00,0.95,40,7,BCycle 1.0,$0.00 ,,
123335,77042,Annual Membership,444 G,2/15/13,11:16 AM,City Hall,3,,2/15/13,12:15 PM,City Hall,2,8.80,8.36,352,59,BCycle 1.0,$0.00 ,,
128313,77002,Annual Membership,314 G CRACKED FRAME,2/15/13,7:58 AM,Market Square,10,,2/15/13,8:05 AM,City Hall,4,1.00,0.95,40,7,BCycle 1.0,$0.00 ,,
123418,77064,Annual Membership,402 G CRACKED FRAME,2/13/13,12:39 PM,City Hall,1,,2/13/13,1:33 PM,City Hall,1,8.10,7.70,324,54,BCycle 1.0,$0.00 ,,
123639,77004,Annual Membership,024 G,2/10/13,9:27 AM,Market Square,8,,2/10/13,9:27 AM,Market Square,6,0.00,0.00,0,0,BCycle 1.0,$0.00 ,,
128313,77002,Annual Membership,314 G CRACKED FRAME,2/9/13,3:55 PM,City Hall,4,,2/9/13,4:00 PM,Market Square,10,0.80,0.76,32,5,BCycle 1.0,$0.00 ,,
195676,,24 Hour Kiosk,402 G CRACKED FRAME,2/9/13,2:50 PM,City Hall,1,,2/9/13,4:49 PM,City Hall,1,17.80,16.91,712,119,BCycle 1.0,$2.00 ,,
128313,77002,Annual Membership,314 G CRACKED FRAME,2/9/13,9:54 AM,Market Square,6,,2/9/13,10:02 AM,City Hall,4,1.20,1.14,48,8,BCycle 1.0,$0.00 ,,
195560,,24 Hour Kiosk,444 G,2/9/13,7:29 AM,City Hall,3,,2/9/13,12:54 PM,City Hall,3,18.00,17.10,720,325,BCycle 1.0,$16.00 ,,
195559,,24 Hour Kiosk,025 G,2/9/13,7:28 AM,City Hall,4,,2/9/13,12:54 PM,City Hall,7,18.00,17.10,720,326,BCycle 1.0,$16.00 ,,
195558,,24 Hour Kiosk,402 G CRACKED FRAME,2/9/13,7:28 AM,City Hall,1,,2/9/13,12:54 PM,City Hall,1,18.00,17.10,720,326,BCycle 1.0,$16.00 ,,
195503,,24 Hour Kiosk,277 G,2/8/13,2:13 PM,Lamar & Crawford,3,,2/8/13,4:18 PM,Lamar & Crawford,1,18.00,17.10,720,125,BCycle 1.0,$4.00 ,,
195503,,24 Hour Kiosk,222,2/8/13,2:12 PM,Lamar & Crawford,2,,2/8/13,4:18 PM,Lamar & Crawford,3,18.00,17.10,720,126,BCycle 1.0,$4.00 ,,
195503,,24 Hour Kiosk,160 G CRACKED FRAME,2/8/13,2:12 PM,Lamar & Crawford,1,,2/8/13,4:18 PM,Lamar & Crawford,2,18.00,17.10,720,126,BCycle 1.0,$4.00 ,,
195489,,24 Hour Kiosk,500 G CRACKED FRAME,2/8/13,1:01 PM,Market Square,2,,2/8/13,3:08 PM,Market Square,2,18.00,17.10,720,127,BCycle 1.0,$4.00 ,,
195443,,24 Hour Kiosk,025 G,2/7/13,7:51 PM,Market Square,3,,2/7/13,8:50 PM,City Hall,4,8.80,8.36,352,59,BCycle 1.0,$0.00 ,,
183240,,24 Hour Kiosk,440 G,2/7/13,7:50 PM,Market Square,2,,2/7/13,8:50 PM,City Hall,6,9.00,8.55,360,60,BCycle 1.0,$0.00 ,,
195289,,24 Hour Kiosk,222,2/5/13,8:45 PM,Lamar & Crawford,1,,2/5/13,11:06 PM,Lamar & Crawford,2,18.00,17.10,720,141,BCycle 1.0,$4.00 ,,
195289,,24 Hour Kiosk,160 G CRACKED FRAME,2/5/13,8:44 PM,Lamar & Crawford,2,,2/5/13,11:06 PM,Lamar & Crawford,1,18.00,17.10,720,142,BCycle 1.0,$4.00 ,,
124744,77303,Annual Membership,440 G,2/5/13,7:48 PM,Market Square,2,,2/5/13,8:21 PM,Market Square,2,5.00,4.75,200,33,BCycle 1.0,$0.00 ,,
195274,,24 Hour Kiosk,222,2/5/13,5:19 PM,Lamar & Crawford,1,,2/5/13,5:19 PM,Lamar & Crawford,1,0.00,0.00,0,0,BCycle 1.0,$0.00 ,,
195274,,24 Hour Kiosk,222,2/5/13,4:27 PM,Lamar & Crawford,2,,2/5/13,5:19 PM,Lamar & Crawford,1,7.80,7.41,312,52,BCycle 1.0,$0.00 ,,
195274,,24 Hour Kiosk,160 G CRACKED FRAME,2/5/13,4:26 PM,Lamar & Crawford,1,,2/5/13,5:19 PM,Lamar & Crawford,2,8.00,7.60,320,53,BCycle 1.0,$0.00 ,,
142283,77006,Annual Membership,444 G,2/5/13,2:47 PM,City Hall,2,,2/5/13,3:41 PM,City Hall,3,8.10,7.70,324,54,BCycle 1.0,$0.00 ,,
123418,77064,Annual Membership,402 G CRACKED FRAME,2/4/13,1:37 PM,City Hall,1,,2/4/13,2:28 PM,City Hall,1,7.60,7.22,304,51,BCycle 1.0,$0.00 ,,
195106,,24 Hour Kiosk,277 G,2/3/13,3:17 PM,Market Square,6,,2/3/13,3:29 PM,Lamar & Crawford,3,1.80,1.71,72,12,BCycle 1.0,$0.00 ,,
195106,,24 Hour Kiosk,146 R CRACKED FRAME,2/3/13,3:14 PM,Market Square,2,,2/3/13,3:29 PM,Lamar & Crawford,6,2.20,2.09,88,15,BCycle 1.0,$0.00 ,,
195106,,24 Hour Kiosk,146 R CRACKED FRAME,2/3/13,3:03 PM,Market Square,2,,2/3/13,3:12 PM,Market Square,2,1.40,1.33,56,9,BCycle 1.0,$0.00 ,,
195108,,24 Hour Kiosk,146 R CRACKED FRAME,2/3/13,3:02 PM,Market Square,2,,2/3/13,3:03 PM,Market Square,2,0.20,0.19,8,1,BCycle 1.0,$0.00 ,,
195131,,24 Hour Kiosk,157 CRACKED FRAME,2/3/13,2:58 PM,City Hall,6,,2/3/13,3:29 PM,Lamar & Crawford,5,4.60,4.37,184,31,BCycle 1.0,$0.00 ,,
195106,,24 Hour Kiosk,022 G PRIDE RETIRED,2/3/13,2:52 PM,Market Square,7,,2/3/13,3:29 PM,Lamar & Crawford,8,5.60,5.32,224,37,BCycle 1.0,$0.00 ,,
195106,,24 Hour Kiosk,277 G,2/3/13,2:51 PM,Market Square,6,,2/3/13,3:16 PM,Market Square,6,3.80,3.61,152,25,BCycle 1.0,$0.00 ,,
195106,,24 Hour Kiosk,500 G CRACKED FRAME,2/3/13,2:51 PM,Market Square,5,,2/3/13,3:29 PM,Lamar & Crawford,7,5.70,5.42,228,38,BCycle 1.0,$0.00 ,,
195106,,24 Hour Kiosk,146 R CRACKED FRAME,2/3/13,2:51 PM,Market Square,2,,2/3/13,3:02 PM,Market Square,2,1.60,1.52,64,11,BCycle 1.0,$0.00 ,,
193026,,24 Hour Kiosk,444 G,2/3/13,2:46 PM,City Hall,8,,2/3/13,4:07 PM,City Hall,2,12.20,11.59,488,81,BCycle 1.0,$0.00 ,,
195127,,24 Hour Kiosk,402 G CRACKED FRAME,2/3/13,2:42 PM,City Hall,1,,2/3/13,3:51 PM,City Hall,1,10.40,9.88,416,69,BCycle 1.0,$0.00 ,,
195108,,24 Hour Kiosk,277 G,2/3/13,1:44 PM,Lamar & Crawford,6,,2/3/13,2:50 PM,Market Square,6,9.90,9.41,396,66,BCycle 1.0,$0.00 ,,
195106,,24 Hour Kiosk,533 CRACKED FRAME,2/3/13,1:43 PM,Lamar & Crawford,5,,2/3/13,1:43 PM,Market Square,4,0.00,0.00,0,0,BCycle 1.0,$0.00 ,,
195106,,24 Hour Kiosk,146 R CRACKED FRAME,2/3/13,1:42 PM,Lamar & Crawford,4,,2/3/13,2:50 PM,Market Square,2,10.20,9.69,408,68,BCycle 1.0,$0.00 ,,
195106,,24 Hour Kiosk,500 G CRACKED FRAME,2/3/13,1:41 PM,Lamar & Crawford,3,,2/3/13,2:50 PM,Market Square,5,10.40,9.88,416,69,BCycle 1.0,$0.00 ,,
195106,,24 Hour Kiosk,022 G PRIDE RETIRED,2/3/13,1:40 PM,Lamar & Crawford,2,,2/3/13,2:50 PM,Market Square,7,10.50,9.98,420,70,BCycle 1.0,$0.00 ,,
195083,,24 Hour Kiosk,245 CRACKED FRAME,2/3/13,12:46 PM,Market Square,6,,2/3/13,4:56 PM,Market Square,9,18.00,17.10,720,250,BCycle 1.0,$12.00 ,,
195082,,24 Hour Kiosk,025 G,2/3/13,12:45 PM,Market Square,3,,2/3/13,4:56 PM,Market Square,3,18.00,17.10,720,251,BCycle 1.0,$12.00 ,,
195081,,24 Hour Kiosk,024 G,2/3/13,12:44 PM,Market Square,4,,2/3/13,4:56 PM,Market Square,8,18.00,17.10,720,252,BCycle 1.0,$12.00 ,,
195080,,24 Hour Kiosk,196 G CRACKED FRAME,2/3/13,12:44 PM,Market Square,5,,2/3/13,4:56 PM,Market Square,5,18.00,17.10,720,252,BCycle 1.0,$12.00 ,,
195075,,24 Hour Kiosk,222,2/3/13,12:38 PM,Lamar & Crawford,2,,2/3/13,3:07 PM,Lamar & Crawford,2,18.00,17.10,720,149,BCycle 1.0,$4.00 ,,
195075,,24 Hour Kiosk,160 G CRACKED FRAME,2/3/13,12:37 PM,Lamar & Crawford,1,,2/3/13,3:06 PM,Lamar & Crawford,1,18.00,17.10,720,149,BCycle 1.0,$4.00 ,,
195065,,24 Hour Kiosk,314 G CRACKED FRAME,2/3/13,12:25 PM,Market Square,8,,2/3/13,4:30 PM,Market Square,6,18.00,17.10,720,245,BCycle 1.0,$12.00 ,,
195065,,24 Hour Kiosk,440 G,2/3/13,12:23 PM,Market Square,2,,2/3/13,4:30 PM,Market Square,2,18.00,17.10,720,247,BCycle 1.0,$12.00 ,,
195015,,24 Hour Kiosk,500 G CRACKED FRAME,2/3/13,10:43 AM,City Hall,4,,2/3/13,12:32 PM,Lamar & Crawford,3,16.40,15.58,656,109,BCycle 1.0,$2.00 ,,
195013,,24 Hour Kiosk,146 R CRACKED FRAME,2/3/13,10:41 AM,City Hall,1,,2/3/13,12:32 PM,Lamar & Crawford,4,16.60,15.77,664,111,BCycle 1.0,$2.00 ,,
194994,,24 Hour Kiosk,440 G,2/3/13,8:49 AM,Market Square,2,,2/3/13,10:06 AM,Market Square,2,11.60,11.02,464,77,BCycle 1.0,$0.00 ,,
194945,,24 Hour Kiosk,444 G,2/2/13,7:47 PM,City Hall,3,,2/2/13,9:20 PM,City Hall,8,14.00,13.30,560,93,BCycle 1.0,$2.00 ,,
194945,,24 Hour Kiosk,444 G,2/2/13,6:12 PM,City Hall,3,,2/2/13,7:46 PM,City Hall,3,14.10,13.40,564,94,BCycle 1.0,$2.00 ,,
194945,,24 Hour Kiosk,444 G,2/2/13,5:00 PM,City Hall,4,,2/2/13,6:12 PM,City Hall,3,10.80,10.26,432,72,BCycle 1.0,$0.00 ,,
128313,77002,Annual Membership,245 CRACKED FRAME,2/2/13,4:14 PM,City Hall,2,,2/2/13,4:20 PM,Market Square,6,0.90,0.86,36,6,BCycle 1.0,$0.00 ,,
194927,,24 Hour Kiosk,500 G CRACKED FRAME,2/2/13,4:04 PM,City Hall,3,,2/2/13,5:41 PM,City Hall,4,14.60,13.87,584,97,BCycle 1.0,$2.00 ,,
194927,,24 Hour Kiosk,402 G CRACKED FRAME,2/2/13,3:57 PM,City Hall,5,,2/2/13,5:41 PM,City Hall,2,15.60,14.82,624,104,BCycle 1.0,$2.00 ,,
194854,77019,24 Hour Pass,444 G,2/2/13,1:24 PM,City Hall,4,,2/2/13,3:59 PM,City Hall,4,18.00,17.10,720,155,BCycle 1.0,$6.00 ,,
194860,77019,24 Hour Pass,146 R CRACKED FRAME,2/2/13,1:23 PM,City Hall,1,,2/2/13,3:58 PM,City Hall,1,18.00,17.10,720,155,BCycle 1.0,$6.00 ,,
194243,,24 Hour Kiosk,196 G CRACKED FRAME,2/2/13,1:05 PM,Market Square,1,,2/2/13,6:51 PM,Market Square,5,18.00,17.10,720,346,BCycle 1.0,$18.00 ,,
194851,,24 Hour Kiosk,533 CRACKED FRAME,2/2/13,12:56 PM,Lamar & Crawford,4,,2/2/13,2:41 PM,Lamar & Crawford,5,15.80,15.01,632,105,BCycle 1.0,$2.00 ,,
194851,,24 Hour Kiosk,222,2/2/13,12:56 PM,Lamar & Crawford,3,,2/2/13,2:41 PM,Lamar & Crawford,2,15.80,15.01,632,105,BCycle 1.0,$2.00 ,,
194851,,24 Hour Kiosk,022 G PRIDE RETIRED,2/2/13,12:55 PM,Lamar & Crawford,2,,2/2/13,2:41 PM,Lamar & Crawford,3,15.90,15.11,636,106,BCycle 1.0,$2.00 ,,
194243,,24 Hour Kiosk,025 G,2/2/13,12:27 PM,Market Square,5,,2/2/13,6:52 PM,Market Square,3,18.00,17.10,720,385,BCycle 1.0,$20.00 ,,
194243,,24 Hour Kiosk,314 G CRACKED FRAME,2/2/13,12:26 PM,Market Square,3,,2/2/13,6:52 PM,Market Square,8,18.00,17.10,720,386,BCycle 1.0,$20.00 ,,
194810,,24 Hour Kiosk,444 G,2/2/13,12:13 PM,City Hall,4,,2/2/13,12:49 PM,City Hall,4,5.40,5.13,216,36,BCycle 1.0,$0.00 ,,
194824,,24 Hour Kiosk,440 G,2/2/13,11:53 AM,Market Square,6,,2/2/13,2:39 PM,Market Square,2,18.00,17.10,720,166,BCycle 1.0,$6.00 ,,
194824,,24 Hour Kiosk,024 G,2/2/13,11:52 AM,Market Square,2,,2/2/13,2:39 PM,Market Square,4,18.00,17.10,720,167,BCycle 1.0,$6.00 ,,
194810,,24 Hour Kiosk,146 R CRACKED FRAME,2/2/13,11:27 AM,City Hall,1,,2/2/13,12:14 PM,City Hall,1,7.00,6.65,280,47,BCycle 1.0,$0.00 ,,
194799,,24 Hour Kiosk,500 G CRACKED FRAME,2/2/13,10:55 AM,City Hall,3,,2/2/13,2:08 PM,City Hall,3,18.00,17.10,720,193,BCycle 1.0,$8.00 ,,
194799,,24 Hour Kiosk,245 CRACKED FRAME,2/2/13,10:54 AM,City Hall,2,,2/2/13,2:08 PM,City Hall,2,18.00,17.10,720,194,BCycle 1.0,$8.00 ,,
194761,,24 Hour Kiosk,024 G,2/2/13,8:29 AM,Market Square,2,,2/2/13,9:27 AM,Market Square,2,8.70,8.27,348,58,BCycle 1.0,$0.00 ,,
128313,77002,Annual Membership,157 CRACKED FRAME,2/2/13,8:28 AM,Market Square,4,,2/2/13,8:34 AM,City Hall,6,0.90,0.86,36,6,BCycle 1.0,$0.00 ,,